date,macro_regime,macro_score,indpro_signal,cfnai_signal,yield_curve_signal,risk_regime,off_votes,trend_on,credit_off,vix_off,indpro,indpro_mom,indpro_yoy,cfnai,cfnai_mom,cfnai_yoy,dgs10,dgs10_mom,dgs10_yoy,dgs3mo,dgs3mo_mom,dgs3mo_yoy,yield_curve_spread,yield_curve_signal,hy_oas,hy_oas_mom,hy_oas_yoy,hy_oas_sma_12m,unrate,unrate_mom,unrate_yoy,cpi,cpi_mom,cpi_yoy,gdp_saar,gdp_saar_mom,gdp_saar_yoy,umcsent,umcsent_mom,umcsent_yoy,houst,houst_mom,houst_yoy,vix,vix_mom,vix_yoy,sp500,sp500_mom,sp500_yoy,sp500_sma_10m
2020-01-01,contraction,1,0,0,1,Mixed,0,0,0,0,101.3372,,,-0.23,,,1.8,,,1.55,,,25.0,1,3.52,,,,3.6,,,259.127,,,-5.2,0.0,-188.46153846153845,99.8,,,1581.0,,,12.98,,,3276.24,,,
2020-02-01,contraction,1,0,1,0,Mixed,0,0,0,0,101.6718,0.33018476926538476,,0.11,-147.82608695652172,,1.56,-13.33333333333333,,1.57,1.2903225806451646,,-1.0000000000000009,0,3.75,6.534090909090917,,,3.5,-2.777777777777779,,259.25,0.04746707213065804,,-5.2,0.0,-188.46153846153845,101.0,1.2024048096192397,,1549.0,-2.024035420619863,,15.47,19.183359013867495,,3337.75,1.8774570849510397,,
2020-03-01,contraction,1,0,0,1,Mixed,1,0,0,1,97.606,-3.9989456270076995,,-4.43,-4127.272727272727,,0.86,-44.871794871794876,,0.215,-86.30573248407643,,64.5,1,8.395,123.86666666666666,,,4.4,25.714285714285733,,258.076,-0.4528447444551498,,-5.2,0.0,-188.46153846153845,89.1,-11.782178217821793,,1266.0,-18.269851517107817,,59.415,284.065934065934,,2605.62,-21.934836341847053,,
2020-04-01,contraction,1,0,0,1,Mixed,1,0,0,1,84.6812,-13.241808905190243,,-18.22,311.2866817155756,,0.63,-26.74418604651163,,0.12,-44.18604651162791,,51.0,1,7.9,-5.896366885050619,,,14.8,236.36363636363632,,256.032,-0.7920147553434065,,-5.2,0.0,-188.46153846153845,71.8,-19.41638608305275,,936.0,-26.066350710900476,,41.38,-30.354287637801892,,2797.8,7.375595827480619,,
2020-05-01,expansion,2,0,1,1,Mixed,1,0,0,1,86.0108,1.570124183407895,,4.7,-125.79582875960482,,0.68,7.936507936507953,,0.125,4.166666666666674,,55.50000000000001,1,7.415,-6.139240506329113,,,13.2,-10.810810810810823,,255.802,-0.08983252093487382,,-5.2,0.0,-188.46153846153845,72.3,0.696378830083555,,1039.0,11.00427350427351,,30.03,-27.428709521507976,,2926.37,4.595396382872252,,
2020-06-01,expansion,2,0,1,1,Mixed,1,0,0,1,91.6745,6.584870737163229,,6.32,34.46808510638297,,0.71,4.411764705882337,,0.16,28.000000000000004,,54.99999999999999,1,6.025,-18.74578556979096,,,11.0,-16.666666666666664,,257.042,0.4847499237691677,,-5.2,0.0,-188.46153846153845,78.1,8.022130013831251,,1266.0,21.84793070259865,,31.775,5.810855810855808,,3106.3199999999997,6.149256587512841,,
2020-07-01,expansion,2,0,1,1,Mixed,1,0,0,1,95.0037,3.6315442134944753,,2.56,-59.493670886075954,,0.62,-12.676056338028163,,0.13,-18.75,,49.0,1,5.76,-4.398340248962662,,,10.2,-7.272727272727275,,258.352,0.5096443382793581,,-28.0,438.4615384615384,-188.46153846153845,72.5,-7.170294494238149,,1526.0,20.53712480252765,,26.685,-16.018882769472853,,3217.035,3.564185273893239,,
2020-08-01,expansion,2,0,1,1,Mixed,0,0,0,0,95.9294,0.9743831029738859,,1.26,-50.78125,,0.67,8.064516129032274,,0.1,-23.076923076923073,,57.00000000000001,1,5.09,-11.631944444444443,,,8.4,-17.647058823529406,,259.316,0.3731343283582156,,-28.0,438.4615384615384,-188.46153846153845,74.1,2.2068965517241246,,1396.0,-8.51900393184797,,22.54,-15.53307101367809,,3380.35,5.076568952467109,,
2020-09-01,expansion,2,0,1,1,Mixed,1,0,0,1,95.8914,-0.039612465000293806,,0.48,-61.904761904761905,,0.68,1.4925373134328401,,0.11,9.999999999999986,,57.00000000000001,1,5.17,1.5717092337917515,,,7.8,-7.142857142857151,,259.997,0.2626139536318739,,-28.0,438.4615384615384,-188.46153846153845,80.4,8.502024291498,,1473.0,5.515759312320911,,26.57,17.879325643300813,,3351.6,-0.8505036460721538,,
2020-10-01,expansion,2,0,1,1,Mixed,1,1,0,1,96.5256,0.6613731784080645,,0.94,95.83333333333333,,0.79,16.176470588235283,,0.1,-9.090909090909083,,69.0,1,5.01,-3.0947775628626717,,,6.9,-11.538461538461531,,260.319,0.1238475828567287,,34.9,-224.64285714285714,-188.46153846153845,81.8,1.741293532338295,,1543.0,4.752206381534285,,28.009999999999998,5.419646217538565,,3431.24,2.3761785415920667,,3143.0325
2020-11-01,expansion,2,0,1,1,On,0,1,0,0,96.9529,0.4426804909785531,,0.3,-68.08510638297872,,0.87,10.126582278481,,0.09,-10.000000000000009,,78.0,1,4.48,-10.578842315369252,,,6.7,-2.898550724637683,,260.911,0.2274132890799363,,34.9,-224.64285714285714,-188.46153846153845,76.9,-5.990220048899742,,1543.0,0.0,,23.575,-15.833630846126379,,3570.225,4.050576467982414,,3172.431
2020-12-01,expansion,2,0,1,1,On,0,1,0,0,98.2039,1.2903172571423926,,0.68,126.6666666666667,,0.935,7.471264367816088,,0.09,0.0,,84.50000000000001,1,4.055,-9.486607142857162,,5.547499999999999,6.7,0.0,,262.045,0.4346309661148906,,34.9,-224.64285714285714,-188.46153846153845,80.7,4.941482444733425,,1614.0,4.601425793907965,,22.384999999999998,-5.047720042417825,,3694.77,3.4884356027981456,,3208.133
2021-01-01,expansion,2,0,1,1,On,0,1,0,0,98.8135,0.6207492777781765,-2.490398392692905,0.87,27.941176470588225,-478.2608695652174,1.1,17.647058823529417,-38.888888888888886,0.09,0.0,-94.19354838709677,101.0,1,3.76,-7.274969173859436,6.818181818181812,5.5675,6.4,-4.477611940298509,77.77777777777779,262.639,0.226678623900467,1.3553199782346148,4.6,-86.81948424068769,-188.46153846153845,79.0,-2.106567534076831,-20.841683366733466,1630.0,0.991325898389106,3.099304237824163,23.25,3.8641947732857007,79.12172573189522,3799.61,2.837524392587354,15.974714917100098,3327.532
2021-02-01,contraction,1,0,0,1,On,0,1,0,0,95.5072,-3.3460002934821764,-6.063234839945797,-1.81,-308.0459770114943,-1745.4545454545453,1.2,9.090909090909083,-23.076923076923084,0.04,-55.55555555555556,-97.45222929936305,115.99999999999999,1,3.5,-6.914893617021267,-6.666666666666665,5.546666666666667,6.2,-3.125,77.14285714285715,263.573,0.3556212139095738,1.667502410800381,4.6,-86.81948424068769,-188.46153846153845,76.8,-2.784810126582282,-23.96039603960396,1404.0,-13.865030674846624,-9.36087798579729,21.99,-5.419354838709689,42.14608920491272,3906.71,2.818710341324504,17.046213766759056,3438.423
2021-03-01,expansion,3,1,1,1,On,0,1,0,0,98.1929,2.812039301748981,0.6012950023564168,2.3,-227.07182320441984,-151.91873589164786,1.62,35.00000000000001,88.37209302325584,0.03,-25.0,-86.04651162790698,159.0,1,3.55,1.4285714285714235,-57.71292435973794,5.142916666666667,6.1,-1.6129032258064613,38.636363636363626,264.847,0.4833575517978028,2.623645747764214,4.6,-86.81948424068769,-188.46153846153845,84.9,10.546875000000021,-4.713804713804704,1696.0,20.7977207977208,33.96524486571879,20.95,-4.729422464756706,-64.73954388622401,3913.1,0.1635647386163841,50.17922797645091,3537.096
2021-04-01,expansion,3,1,1,1,On,0,1,0,0,98.3317,0.14135441564513407,16.11987076234158,0.06,-97.3913043478261,-100.32930845225027,1.64,1.2345679012345512,160.31746031746027,0.02,-33.33333333333333,-83.33333333333333,162.0,1,3.25,-8.450704225352112,-58.86075949367089,4.755416666666666,6.1,0.0,-58.7837837837838,266.625,0.6713309948762847,4.137373453318349,5.7,23.91304347826089,-209.6153846153846,88.3,4.004711425206109,22.980501392757667,1495.0,-11.851415094339623,59.72222222222223,17.33,-17.27923627684965,-58.11986466892218,4141.59,5.839104546267682,48.030238044177565,3640.6230000000005
2021-05-01,expansion,3,1,1,1,On,0,1,0,0,99.1867,0.8695059680652317,15.318890185883639,0.2,233.33333333333334,-95.74468085106383,1.63,-0.6097560975609762,139.70588235294113,0.02,0.0,-84.0,161.0,1,3.34,2.7692307692307683,-54.95616992582604,4.4158333333333335,5.8,-4.91803278688524,-56.060606060606055,268.404,0.6672292545710334,4.9264665639830785,5.7,23.91304347826089,-209.6153846153846,82.9,-6.11551528878821,14.661134163208867,1589.0,6.287625418060205,52.93551491819058,19.314999999999998,11.454125793421799,-35.680985680985685,4170.72,0.703353060056644,42.521964071528906,3735.991499999999
2021-06-01,expansion,3,1,1,1,On,0,1,0,0,99.6483,0.46538497600989714,8.697947629929814,0.34,70.0,-94.62025316455697,1.505,-7.668711656441718,111.9718309859155,0.035,75.00000000000003,-78.125,147.0,1,3.17,-5.089820359281438,-47.38589211618258,4.1779166666666665,5.9,1.7241379310344973,-46.36363636363636,270.71,0.8591526206762845,5.317418943207719,5.7,23.91304347826089,-209.6153846153846,85.5,3.1363088057901,9.47503201024329,1650.0,3.838892385147896,30.33175355450237,16.54,-14.36707222366036,-47.946498819826914,4234.535,1.5300715463996584,36.31998635040821,3821.41
2021-07-01,expansion,3,1,1,1,On,0,1,0,0,100.0668,0.4199770593176222,5.3293713823777455,0.71,108.82352941176467,-72.265625,1.3,-13.621262458471751,109.6774193548387,0.05,42.85714285714286,-61.53846153846154,125.0,1,3.18,0.3154574132492094,-44.791666666666664,3.9629166666666666,5.4,-8.47457627118644,-47.058823529411754,271.965,0.46359572974770114,5.269167647240969,7.0,22.807017543859654,-125.0,81.2,-5.029239766081872,12.00000000000001,1597.0,-3.2121212121212106,4.652686762778502,17.58,6.2877871825876674,-34.12029229904441,4367.48,3.139541885944963,35.76103461727958,3922.9979999999996
2021-08-01,expansion,3,1,1,1,On,0,1,0,0,100.0412,-0.025582910615706833,4.2862771996906135,0.07,-90.14084507042254,-94.44444444444444,1.29,-0.7692307692307665,92.53731343283582,0.05,0.0,-50.0,124.0,1,3.3449999999999998,5.188679245283012,-34.282907662082515,3.8175000000000003,5.1,-5.55555555555557,-39.28571428571429,272.752,0.28937547110843287,5.181323173271246,7.0,22.807017543859654,-125.0,70.3,-13.423645320197053,-5.128205128205121,1594.0,-0.18785222291797243,14.18338108882522,16.97,-3.4698521046643838,-24.711623779946766,4447.889999999999,1.841107457847535,31.58075347227356,4024.6630000000005
2021-09-01,expansion,2,1,0,1,On,0,1,0,0,98.9955,-1.0452693490281995,3.237099468774063,-0.04,-157.14285714285714,-108.33333333333333,1.34,3.875968992248069,97.05882352941175,0.04,-20.000000000000007,-63.63636363636363,130.0,1,3.12,-6.726457399103126,-39.65183752417795,3.6466666666666665,4.7,-7.843137254901955,-39.74358974358974,273.942,0.4362937760309826,5.363523425270289,7.0,22.807017543859654,-125.0,72.8,3.5561877667140918,-9.452736318407972,1577.0,-1.0664993726474226,7.060420909708087,18.8,10.783736004714207,-29.243507715468574,4455.48,0.17064270923965452,32.935911206587896,4113.1885
2021-10-01,expansion,3,1,1,1,On,0,1,0,0,100.3542,1.3724866281800585,3.966408911211139,0.93,-2425.0,-1.0638297872340274,1.585,18.28358208955223,100.63291139240506,0.05,25.0,-50.0,153.5,1,3.135,0.48076923076922906,-37.4251497005988,3.490416666666667,4.5,-4.255319148936176,-34.78260869565217,276.528,0.9439954442911347,6.226591220771449,3.3,-52.85714285714286,-90.54441260744986,71.7,-1.5109890109890056,-12.347188264058673,1579.0,0.12682308180089752,2.333117303953336,16.86,-10.319148936170219,-39.80721171010353,4471.37,0.3566394642103621,30.313530968396265,4190.8485
2021-11-01,expansion,3,1,1,1,On,0,1,0,0,101.2684,0.910973332456444,4.451130394242986,0.74,-20.430107526881724,146.66666666666669,1.57,-0.9463722397476282,80.45977011494254,0.05,0.0,-44.44444444444444,152.0,1,3.18,1.435406698564612,-29.01785714285715,3.3820833333333336,4.2,-6.666666666666665,-37.31343283582089,278.824,0.830295666261649,6.865559520296194,3.3,-52.85714285714286,-90.54441260744986,67.4,-5.997210599721059,-12.353706111833551,1705.0,7.979734008866379,10.499027867790023,17.59,4.329774614472126,-25.38706256627784,4682.85,4.72964661837425,31.16400226876459,4279.1725
2021-12-01,expansion,3,1,1,1,On,0,1,0,0,101.1948,-0.07267815034107672,3.0456020585740484,0.24,-67.56756756756756,-64.70588235294117,1.475,-6.050955414012737,57.754010695187176,0.06,19.999999999999996,-33.333333333333336,141.5,1,3.27,2.8301886792452713,-19.35881627620222,3.3166666666666664,3.9,-7.142857142857151,-41.7910447761194,280.806,0.7108426821220482,7.159457345112474,3.3,-52.85714285714286,-90.54441260744986,70.6,4.7477744807121525,-12.515489467162343,1722.0,0.9970674486803555,6.691449814126393,20.439999999999998,16.202387720295608,-8.688854143399604,4677.860000000001,-0.10655903990091087,26.607610216603494,4356.2875
2022-01-01,expansion,3,1,1,1,On,0,1,0,0,101.2146,0.019566222770350805,2.4299311328917605,0.16,-33.33333333333333,-81.60919540229885,1.77,19.999999999999996,60.90909090909089,0.14500000000000002,141.66666666666669,61.111111111111136,162.5,1,3.15,-3.669724770642202,-16.223404255319153,3.265833333333333,4.0,2.564102564102577,-37.5,282.542,0.6182204083958309,7.578082463000535,7.0,112.12121212121211,52.17391304347827,67.2,-4.815864022662875,-14.936708860759495,1702.0,-1.1614401858304313,4.417177914110426,21.549999999999997,5.430528375733856,-7.311827956989259,4618.07,-1.2781485551085492,21.540631801684906,4426.7845
2022-02-01,expansion,3,1,1,1,Mixed,1,1,0,1,101.8458,0.6236254453408918,6.636777122562476,0.52,225.0,-128.7292817679558,1.94,9.604519774011289,61.66666666666667,0.34,134.48275862068962,750.0,160.0,1,3.665,16.34920634920636,4.714285714285715,3.2795833333333335,3.8,-5.000000000000004,-38.70967741935485,284.525,0.7018425579205845,7.949220898953979,7.0,112.12121212121211,52.17391304347827,62.8,-6.547619047619058,-18.229166666666664,1735.0,1.9388954171562833,23.575498575498564,25.7,19.25754060324827,16.871305138699412,4471.07,-3.183147938424491,14.445914849067364,4459.7325
2022-03-01,expansion,3,1,1,1,Mixed,1,0,0,1,102.6732,0.8124046352426806,4.562753518838947,0.45,-13.461538461538458,-80.43478260869566,2.15,10.824742268041243,32.71604938271604,0.44,29.411764705882337,1366.6666666666667,171.0,1,3.81,3.9563437926330103,7.323943661971843,3.30125,3.7,-2.631578947368407,-39.344262295081954,287.467,1.0340040418240992,8.540780148538584,7.0,112.12121212121211,52.17391304347827,59.4,-5.414012738853502,-30.03533568904594,1712.0,-1.3256484149855918,0.9433962264151052,26.67,3.7743190661478687,27.303102625298337,4386.54,-1.8905988946717356,12.098847461092221,4481.3144999999995
2022-04-01,expansion,3,1,1,1,Mixed,0,0,0,0,102.9024,0.2232325475391983,4.64824669969095,0.06,-86.66666666666667,0.0,2.8,30.23255813953487,70.73170731707317,0.8,81.81818181818184,3900.0,199.99999999999997,1,3.65,-4.199475065616798,12.307692307692308,3.334583333333333,3.7,0.0,-39.344262295081954,288.582,0.3878706077567129,8.235161744022502,-1.0,-114.28571428571428,-117.54385964912282,65.2,9.764309764309775,-26.160815402038494,1820.0,6.308411214953269,21.739130434782616,22.425,-15.916760404949382,29.399884593191004,4404.99,0.4206048502920279,6.359876279399934,4498.36
2022-05-01,expansion,2,1,0,1,Mixed,1,0,0,1,102.9659,0.061708959169082256,3.810188261127756,-0.36,-700.0,-280.0,2.89,3.214285714285725,77.30061349693254,1.03,28.749999999999986,5050.0,186.0,1,4.535,24.24657534246577,35.778443113772475,3.4341666666666666,3.6,-2.7027027027027084,-37.93103448275862,291.299,0.9415001628653163,8.530051713089225,-1.0,-114.28571428571428,-117.54385964912282,58.4,-10.429447852760742,-29.553679131483722,1531.0,-15.879120879120878,-3.6500943989930756,29.3,30.65774804905239,51.695573388558145,4008.01,-9.012052240754231,-3.901244868991449,4462.413
2022-06-01,expansion,2,1,0,1,Mixed,1,0,0,1,102.8224,-0.1393665281418488,3.185302709629756,-0.18,-50.0,-152.94117647058823,3.13,8.304498269896188,107.9734219269103,1.63,58.252427184466015,4557.142857142856,150.0,1,4.975,9.702315325248057,56.94006309148265,3.5845833333333332,3.6,0.0,-38.98305084745763,295.072,1.2952327333770608,8.999298141923106,-1.0,-114.28571428571428,-117.54385964912282,50.0,-14.383561643835618,-41.52046783625731,1551.0,1.3063357282821597,-6.000000000000005,28.259999999999998,-3.549488054607519,70.85852478839176,3821.55,-4.652184001536918,-9.752782773078971,4399.779
2022-07-01,expansion,3,1,1,1,Mixed,0,0,0,0,103.0505,0.22183882111290743,2.9817082189097732,0.18,-200.0,-74.64788732394366,2.92,-6.709265175718848,124.61538461538461,2.4050000000000002,47.546012269938664,4710.0,51.49999999999997,1,5.305,6.633165829145726,66.82389937106916,3.7616666666666667,3.5,-2.777777777777779,-35.18518518518518,294.94,-0.04473484437697017,8.447778206754553,0.6,-160.0,-91.42857142857143,51.5,3.0000000000000027,-36.57635467980296,1381.0,-10.960670535138616,-13.525360050093926,24.69,-12.632696390658161,40.44368600682595,3901.0,2.078999358898881,-10.680758698379833,4344.331
2022-08-01,expansion,3,1,1,1,Mixed,0,0,0,0,103.1703,0.11625368144745352,3.1278113417271936,0.17,-5.5555555555555465,142.85714285714283,2.87,-1.7123287671232834,122.48062015503875,2.7,12.266112266112273,5300.0,16.999999999999993,1,4.54,-14.420358152686141,35.724962630792234,3.86125,3.6,2.857142857142869,-29.411764705882348,295.162,0.07526954634839989,8.216255059541266,0.6,-160.0,-91.42857142857143,58.2,13.00970873786409,-17.211948790896148,1531.0,10.861694424330203,-3.95232120451694,21.77,-11.826650465775623,28.285209192692996,4145.19,6.259677005895914,-6.8054740562379035,4311.713
2022-09-01,expansion,3,1,1,1,Mixed,1,0,0,1,103.5326,0.35116695405557063,4.5831376173664395,0.05,-70.58823529411764,-225.0,3.45,20.209059233449487,157.46268656716418,3.24,19.999999999999996,8000.0,20.999999999999996,1,4.975,9.58149779735682,59.45512820512819,4.015833333333333,3.5,-2.777777777777779,-25.531914893617024,296.421,0.4265454225137466,8.205751582451759,0.6,-160.0,-91.42857142857143,58.6,0.6872852233676952,-19.505494505494504,1488.0,-2.8086218158066667,-5.643627140139507,26.605,22.209462563160322,41.515957446808514,3899.89,-5.917702204241538,-12.469812455672557,4233.4169999999995
2022-10-01,expansion,2,1,1,0,Mixed,1,0,0,1,103.4442,-0.08538373420546863,3.0790938495847575,0.01,-80.0,-98.9247311827957,4.005,16.086956521739125,152.68138801261827,4.005,23.611111111111093,7909.999999999999,0.0,0,4.99,0.3015075376884502,59.17065390749603,4.170416666666666,3.6,2.857142857142869,-19.999999999999996,297.979,0.5256037865063456,7.757261470809462,2.9,383.3333333333333,-12.121212121212121,59.9,2.2184300341296925,-16.457461645746175,1435.0,-3.5618279569892497,-9.119696010132994,30.1,13.136628453298261,78.52906287069989,3719.98,-4.613207039172895,-16.804469323719573,4137.629
2022-11-01,contraction,1,1,0,0,Mixed,0,0,0,0,103.1058,-0.3271328890358194,1.8143863238680558,-0.57,-5799.999999999999,-177.02702702702703,3.82,-4.619225967540574,143.312101910828,4.32,7.865168539325862,8540.0,-50.00000000000004,0,4.645,-6.913827655310634,46.06918238993709,4.2924999999999995,3.6,0.0,-14.28571428571429,298.708,0.24464811278648302,7.131380368978291,2.9,383.3333333333333,-12.121212121212121,56.7,-5.342237061769605,-15.875370919881304,1424.0,-0.7665505226480795,-16.480938416422287,23.630000000000003,-21.495016611295682,34.337691870380915,3957.25,6.378260098172572,-15.49483754551182,4071.547
2022-12-01,contraction,1,1,0,0,Mixed,0,0,0,0,101.8266,-1.2406673533399748,0.6243403811263093,-0.49,-14.035087719298245,-304.16666666666663,3.57,-6.544502617801051,142.0338983050847,4.35,0.6944444444444198,7150.0,-77.99999999999999,0,4.5649999999999995,-1.7222820236813763,39.60244648318041,4.400416666666667,3.5,-2.777777777777779,-10.256410256410254,298.808,0.03347750980888797,6.410831677385809,2.9,383.3333333333333,-12.121212121212121,59.8,5.467372134038784,-15.29745042492917,1308.0,-8.14606741573034,-24.041811846689896,21.97,-7.024968260685583,7.48532289628181,3895.75,-1.5541095457704213,-16.719397331258325,4014.0150000000003
2023-01-01,expansion,2,1,1,0,On,0,1,0,0,102.7476,0.9044787904143092,1.5146036243782968,0.66,-234.69387755102042,312.5,3.52,-1.4005602240896309,98.87005649717513,4.71,8.275862068965534,3148.275862068965,-119.0,0,4.3,-5.805038335158807,36.50793650793651,4.49625,3.5,0.0,-12.5,300.456,0.5515247249069821,6.340296309929161,2.8,-3.4482758620689724,-60.00000000000001,64.9,8.528428093645491,-3.4226190476190466,1361.0,4.051987767584109,-20.035252643948297,19.85,-9.64952207555757,-7.88863109048722,3977.8900000000003,2.1084515176795326,-13.862501001500615,3973.15
2023-02-01,contraction,1,1,0,0,On,0,1,0,0,102.8003,0.05129073574465792,0.9372011413332659,-0.44,-166.66666666666666,-184.6153846153846,3.77,7.102272727272729,94.3298969072165,4.8,1.9108280254777066,1311.7647058823527,-102.99999999999999,0,4.225,-1.744186046511631,15.279672578444735,4.542916666666666,3.6,2.857142857142869,-5.263157894736836,301.476,0.33948398434380245,5.957648712766894,2.8,-3.4482758620689724,-60.00000000000001,66.9,3.081664098613257,6.52866242038217,1399.0,2.792064658339455,-19.365994236311234,20.255000000000003,2.040302267002514,-21.186770428015556,4090.46,2.829892229297437,-8.512727378457496,3941.697
2023-03-01,contraction,1,1,0,0,On,0,1,0,0,102.8143,0.013618637299717129,0.13742631962383456,-0.51,15.909090909090917,-213.33333333333334,3.56,-5.57029177718833,65.58139534883722,4.87,1.4583333333333393,1006.8181818181819,-131.0,0,4.83,14.319526627218938,26.77165354330708,4.627916666666667,3.5,-2.777777777777779,-5.405405405405405,301.643,0.05539412755906081,4.931348641757127,2.8,-3.4482758620689724,-60.00000000000001,62.0,-7.324364723467869,4.3771043771043905,1377.0,-1.5725518227305169,-19.567757009345797,21.38,5.554184152061192,-19.835020622422206,3970.99,-2.9206984055583085,-9.473297861184449,3937.995
2023-04-01,expansion,2,1,1,0,On,0,1,0,0,103.2241,0.39858268742771763,0.3126263333022461,0.06,-111.76470588235294,0.0,3.435,-3.51123595505618,22.678571428571438,5.109999999999999,4.928131416837767,538.7499999999999,-167.49999999999994,0,4.535,-6.107660455486541,24.24657534246577,4.701666666666667,3.4,-2.857142857142858,-8.108108108108114,302.858,0.4027940313549472,4.946947488062325,2.9,3.571428571428581,-390.0,63.7,2.741935483870983,-2.300613496932513,1354.0,-1.6702977487291215,-25.604395604395602,17.8,-16.744621141253504,-20.624303232998887,4129.79,3.999002767571813,-6.247460266652139,3968.8190000000004
2023-05-01,contraction,1,1,0,0,On,0,1,0,0,102.9809,-0.2356038948268857,0.01456792977092558,-0.2,-433.33333333333337,-44.44444444444444,3.5549999999999997,3.4934497816593746,23.010380622837356,5.279999999999999,3.326810176125239,412.62135922330094,-172.49999999999997,0,4.7,3.638368246968038,3.638368246968038,4.715416666666666,3.6,5.882352941176472,0.0,303.316,0.15122598709624846,4.125314539356473,2.9,3.571428571428581,-390.0,59.0,-7.378335949764525,1.0273972602739656,1584.0,16.986706056129975,3.4617896799477466,17.46,-1.9101123595505642,-40.40955631399318,4137.88,0.19589373793824638,3.2402613765933674,3992.507
2023-06-01,contraction,0,0,0,0,On,0,1,0,0,102.3809,-0.5826323133707456,-0.4293811465206021,-0.41,104.99999999999999,127.77777777777777,3.74,5.203938115330531,19.48881789137382,5.41,2.4621212121212377,231.90184049079758,-167.0,0,4.3,-8.510638297872353,-13.567839195979891,4.659166666666667,3.6,0.0,0.0,304.099,0.2581466193672721,3.0592533347792994,2.9,3.571428571428581,-390.0,64.2,8.813559322033893,28.400000000000002,1421.0,-10.290404040404045,-8.381689232753065,13.88,-20.504009163802984,-50.88464260438782,4365.69,5.505476234206874,14.238725124622187,4014.557
2023-07-01,expansion,2,1,1,0,On,0,1,0,0,103.0722,0.6752236012771862,0.021057636789723055,0.09,-121.95121951219512,-50.0,3.86,3.208556149732611,32.1917808219178,5.49,1.4787430683918634,128.2744282744283,-163.00000000000003,0,3.91,-9.069767441860455,-26.295947219604145,4.542916666666666,3.5,-2.777777777777779,0.0,304.615,0.16968158395787025,3.28032820234625,2.5,-13.793103448275856,316.6666666666667,71.5,11.370716510903423,38.834951456310684,1460.0,2.7445460942997935,5.720492396813892,13.7,-1.2968299711815678,-44.51194815714865,4528.83,3.7368663372800315,16.094078441425275,4077.451
2023-08-01,contraction,0,0,0,0,On,0,1,0,0,103.0951,0.022217435933269414,-0.0728891938862164,-0.18,-300.0,-205.88235294117646,4.19,8.54922279792747,45.99303135888502,5.56,1.2750455373406133,105.9259259259259,-136.99999999999991,0,3.91,0.0,-13.876651982378851,4.4904166666666665,3.7,5.714285714285716,2.77777777777779,306.138,0.49997537875678955,3.7186358677607556,2.5,-13.793103448275856,316.6666666666667,69.4,-2.9370629370629286,19.243986254295532,1317.0,-9.794520547945208,-13.977792292619206,15.96,16.496350364963508,-26.688102893890676,4467.71,-1.349575939039438,7.7805842434243155,4152.224
2023-09-01,contraction,0,0,0,0,On,0,1,0,0,103.3081,0.2066053575776161,-0.2168399132254084,-0.05,-72.22222222222221,-200.0,4.325,3.221957040572776,25.36231884057971,5.55,-0.17985611510791255,71.29629629629628,-122.49999999999997,0,3.85,-1.534526854219953,-22.613065326633162,4.3966666666666665,3.8,2.7027027027026973,8.571428571428562,307.374,0.4037394900339164,3.6950823322234427,2.5,-13.793103448275856,316.6666666666667,67.8,-2.3054755043227737,15.699658703071663,1371.0,4.100227790432798,-7.86290322580645,14.23,-10.839598997493738,-46.513813193008836,4450.73,-0.3800604784106487,14.124500947462604,4201.571999999999
2023-10-01,contraction,0,0,0,0,On,0,1,0,0,102.5781,-0.7066241659656747,-0.8372629881617244,-0.6,1099.9999999999998,-6100.0,4.83,11.676300578034681,20.599250936329593,5.61,1.0810810810810922,40.07490636704121,-78.00000000000003,0,4.355,13.116883116883127,-12.725450901803603,4.34375,3.9,2.6315789473684292,8.333333333333325,307.653,0.09076890042749586,3.2465375076767167,4.7,88.00000000000001,62.068965517241395,63.8,-5.899705014749268,6.510851419031716,1368.0,-0.2188183807439792,-4.668989547038327,18.775,31.939564300773004,-37.62458471760798,4270.875,-4.041022483952061,14.809084995080624,4239.084499999999
2023-11-01,contraction,1,0,1,0,On,0,1,0,0,102.8868,0.3009414290184642,-0.21240318197425223,0.19,-131.66666666666666,-133.33333333333334,4.47,-7.453416149068326,17.015706806282726,5.53,-1.4260249554367221,28.009259259259256,-106.00000000000006,0,3.97,-8.840413318025265,-14.531754574811618,4.2875,3.7,-5.128205128205121,2.77777777777779,308.087,0.14106802143973862,3.139855644977696,4.7,88.00000000000001,62.068965517241395,61.3,-3.9184952978056464,8.112874779541436,1514.0,10.672514619883033,6.32022471910112,14.165,-24.55392809587217,-40.05501481168008,4502.88,5.432259197471256,13.78811043022301,4291.5835
2023-12-01,contraction,1,1,0,0,On,0,1,0,0,102.6309,-0.2487199524137229,0.7898721944953557,-0.11,-157.89473684210526,-77.55102040816327,3.9400000000000004,-11.85682326621923,10.364145658263313,5.44,-1.6274864376130127,25.057471264367837,-150.0,0,3.51,-11.586901763224189,-23.110624315443584,4.199583333333334,3.8,2.7027027027026973,8.571428571428562,308.735,0.21033019893732519,3.322200208829762,4.7,88.00000000000001,62.068965517241395,69.7,13.7030995106036,16.555183946488295,1521.0,0.4623513870541718,16.284403669724767,12.595,-11.083656900811857,-42.67182521620391,4713.139999999999,4.669455992609151,20.981582493743154,4353.8515
2024-01-01,contraction,0,0,0,0,On,0,1,0,0,101.483,-1.118474065802788,-1.230783006123748,-0.87,690.9090909090909,-231.81818181818184,4.06,3.045685279187804,15.340909090909083,5.45,0.18382352941175295,15.71125265392781,-139.00000000000006,0,3.545,0.9971509971510084,-17.558139534883722,4.136666666666667,3.7,-2.631578947368407,5.714285714285716,309.794,0.34301261599751776,3.1079425939238847,3.4,-27.65957446808511,21.42857142857144,79.0,13.34289813486369,21.725731895223397,1381.0,-9.20447074293228,1.4695077149154967,13.280000000000001,5.438666137356107,-33.098236775818634,4783.45,1.4917867918203154,20.250937054569107,4435.0975
2024-02-01,contraction,1,0,1,0,On,0,1,0,0,102.7267,1.2255254574657704,-0.07159512180411332,0.37,-142.52873563218392,-184.0909090909091,4.255,4.802955665024644,12.864721485411135,5.44,-0.18348623853210455,13.333333333333353,-118.50000000000006,0,3.35,-5.500705218617763,-20.710059171597628,4.06375,3.9,5.405405405405395,8.333333333333325,311.022,0.3963924414288167,3.16642120765831,3.4,-27.65957446808511,21.42857142857144,76.9,-2.658227848101258,14.947683109118092,1552.0,12.382331643736432,10.936383130807714,13.85,4.292168674698793,-31.62182177240188,5003.094999999999,4.591769538722046,22.31130484102031,4522.428
2024-03-01,contraction,0,0,0,0,On,0,1,0,0,102.5186,-0.20257635064689916,-0.28760590696040866,-0.19,-151.35135135135135,-62.745098039215684,4.21,-1.0575793184488869,18.25842696629214,5.47,0.5514705882352811,12.320328542094439,-125.99999999999997,0,3.15,-5.97014925373135,-34.78260869565217,3.92375,3.9,0.0,11.428571428571432,312.107,0.34884992058441533,3.4690014354717524,3.4,-27.65957446808511,21.42857142857144,79.4,3.2509752925877766,28.06451612903227,1312.0,-15.463917525773196,-4.720406681190992,13.785,-0.46931407942237824,-35.52385406922357,5161.335,3.1628422006777956,29.97602612950423,4624.7735
2024-04-01,contraction,0,0,0,0,On,0,1,0,0,102.3568,-0.1578250190697128,-0.8402107647342061,-0.39,105.26315789473686,-750.0000000000001,4.6,9.263657957244643,33.915574963609885,5.45,-0.3656307129798808,6.6536203522505,-85.00000000000006,0,3.215,2.063492063492056,-29.106945975744214,3.81375,3.9,0.0,14.705882352941169,313.016,0.2912462713108077,3.3540471111874304,0.8,-76.47058823529412,-72.41379310344827,77.2,-2.7707808564231717,21.193092621664043,1385.0,5.564024390243905,2.2895125553914264,15.745000000000001,14.218353282553498,-11.544943820224718,5108.0650000000005,-1.0320973159075986,23.688250492155795,4699.011
2024-05-01,contraction,1,0,1,0,On,0,1,0,0,102.9797,0.608557516452235,-0.0011652646267568123,0.16,-141.02564102564102,-179.99999999999997,4.475,-2.717391304347827,25.87904360056259,5.455,0.09174311926605228,3.3143939393939448,-98.00000000000004,0,3.11,-3.265940902021769,-33.82978723404256,3.68125,4.0,2.564102564102577,11.111111111111116,313.14,0.03961458839163434,3.238866396761142,0.8,-76.47058823529412,-72.41379310344827,69.1,-10.492227979274627,17.118644067796595,1316.0,-4.981949458483759,-16.919191919191924,12.92,-17.9422038742458,-26.002290950744566,5256.8150000000005,2.912061612371808,27.04126267557301,4771.8095
2024-06-01,contraction,1,1,0,0,On,0,1,0,0,103.2534,0.2657805373291966,0.8522097383398597,-0.13,-181.25,-68.29268292682926,4.29,-4.134078212290493,14.705882352941169,5.51,1.0082493125572745,1.8484288354898348,-121.99999999999997,0,3.2,2.893890675241173,-25.581395348837198,3.5895833333333336,4.1,2.499999999999991,13.888888888888884,313.131,-0.0028741138149102063,2.9700853998204435,0.8,-76.47058823529412,-72.41379310344827,68.2,-1.3024602026049048,6.230529595015577,1327.0,0.8358662613981771,-6.6150598170302555,12.645,-2.1284829721362253,-8.89769452449568,5433.74,3.365631090308474,24.464632165820312,4868.4125
2024-07-01,contraction,0,0,0,0,On,0,1,0,0,102.5192,-0.7110661731235979,-0.536517121008373,-0.35,169.2307692307692,-488.8888888888889,4.25,-0.9324009324009341,10.103626943005196,5.43,-1.4519056261342977,-1.0928961748634003,-117.99999999999997,0,3.17,-0.9375000000000022,-18.92583120204604,3.5279166666666666,4.2,2.4390243902439046,19.999999999999996,313.566,0.1389194937581939,2.9384633061405374,3.6,350.0,43.99999999999999,66.4,-2.639296187683282,-7.132867132867126,1265.0,-4.67219291635268,-13.35616438356164,13.19,4.310003954132058,-3.7226277372262806,5550.165,2.1426310423391604,22.551851140360757,4978.356000000001
2024-08-01,contraction,0,0,0,0,On,0,1,0,0,103.0196,0.48810369179626,-0.07323335444653356,-0.05,-85.71428571428571,-72.22222222222221,3.86,-9.176470588235297,-7.875894988066834,5.3149999999999995,-2.117863720073665,-4.406474820143891,-145.49999999999997,0,3.29,3.785488958990535,-15.856777493606145,3.4762500000000003,4.2,0.0,13.513513513513509,314.131,0.1801853517281904,2.6109140322338353,3.6,350.0,43.99999999999999,67.9,2.259036144578319,-2.1613832853025983,1391.0,9.960474308300405,5.618830675778286,16.689999999999998,26.535253980288086,4.573934837092719,5548.735000000001,-0.025764999779276376,24.196400393042538,5106.142000000001
2024-09-01,contraction,0,0,0,0,On,0,1,0,0,102.5954,-0.4117663046643516,-0.6898781412106092,-0.21,319.99999999999994,319.99999999999994,3.73,-3.3678756476683946,-13.75722543352601,4.955,-6.7732831608654624,-10.720720720720712,-122.50000000000001,0,3.25,-1.2158054711246202,-15.58441558441559,3.4262499999999996,4.1,-2.3809523809523947,7.8947368421052655,314.851,0.22920373984103293,2.432541464144644,3.6,350.0,43.99999999999999,70.3,3.534609720176718,3.687315634218291,1357.0,-2.4442846872753443,-1.0211524434719177,17.07,2.2768124625524466,19.95783555867885,5629.555,1.4565482042303346,26.48610452667317,5218.8095
2024-10-01,contraction,0,0,0,0,On,0,1,0,0,102.2138,-0.3719465005253553,-0.3551440317182686,-0.5,138.0952380952381,-16.666666666666664,4.085,9.51742627345844,-15.424430641821951,4.73,-4.540867810292626,-15.686274509803921,-64.50000000000004,0,2.93,-9.846153846153838,-32.72101033295064,3.3075000000000006,4.1,0.0,5.128205128205132,315.564,0.2264563237849071,2.5714034967967203,3.3,-8.333333333333337,-29.7872340425532,70.5,0.2844950213371389,10.501567398119139,1352.0,-0.368459837877666,-1.1695906432748537,19.7,15.407147041593428,4.926764314247678,5809.86,3.2028286427612684,36.034419176398266,5328.4815
2024-11-01,contraction,0,0,0,0,On,0,1,0,0,101.9503,-0.2577929790302358,-0.9102236632881899,-0.05,-90.0,-126.3157894736842,4.39,7.466340269277838,-1.7897091722595126,4.62,-2.3255813953488413,-16.455696202531644,-23.000000000000043,0,2.69,-8.191126279863493,-32.241813602015114,3.2008333333333336,4.2,2.4390243902439046,13.513513513513509,316.449,0.2804502414724075,2.7141684004842848,3.3,-8.333333333333337,-29.7872340425532,71.8,1.8439716312056653,17.128874388254477,1295.0,-4.215976331360949,-14.464993394980185,15.2,-22.842639593908633,7.306741969643493,5959.255,2.57140447446238,32.34318924777031,5446.062
2024-12-01,expansion,3,1,1,1,On,0,1,0,0,103.0447,1.0734642271773565,0.40319241086261837,0.36,-819.9999999999999,-427.27272727272725,4.4,0.2277904328018332,11.675126903553302,4.37,-5.411255411255411,-19.669117647058833,3.000000000000025,1,2.69,0.0,-23.361823361823365,3.1325,4.1,-2.3809523809523947,7.8947368421052655,317.603,0.36467171645351293,2.872366268806581,3.3,-8.333333333333337,-29.7872340425532,74.0,3.064066852367686,6.1692969870875025,1514.0,16.911196911196914,-0.460223537146609,14.27,-6.118421052631573,13.298928146089706,6047.15,1.4749326887337322,28.304060562597332,5550.467500000001
2025-01-01,expansion,2,1,0,1,On,0,1,0,0,102.8805,-0.15934832165070967,1.3770779342352935,-0.39,-208.33333333333334,-55.172413793103445,4.61,4.772727272727262,13.546798029556673,4.35,-0.4576659038901698,-20.183486238532122,26.000000000000068,1,2.7,0.3717472118959231,-23.836389280677007,3.0620833333333337,4.0,-2.4390243902438935,8.108108108108091,319.086,0.46693513600313263,2.999412512831112,1.9,-42.42424242424242,-44.11764705882353,71.7,-3.1081081081081097,-9.240506329113918,1358.0,-10.303830911492739,-1.6654598117306296,16.42,15.066573230553626,23.644578313253017,5986.02,-1.0108894272508384,25.140223060761603,5632.936
2025-02-01,expansion,3,1,1,1,On,0,1,0,0,103.8705,0.9622814819134851,1.113439835992014,0.36,-192.3076923076923,-2.7027027027027084,4.49,-2.6030368763557465,5.52291421856641,4.34,-0.22988505747125743,-20.220588235294123,15.000000000000036,1,2.675,-0.9259259259259411,-20.149253731343286,3.0058333333333334,4.1,2.499999999999991,5.128205128205132,319.775,0.2159292479143371,2.8142703731568686,1.9,-42.42424242424242,-44.11764705882353,64.7,-9.762900976290101,-15.864759427828357,1490.0,9.720176730486019,-3.994845360824739,15.955,-2.8319123020706605,15.198555956678694,6051.97,1.1017337062021237,20.964522960287614,5727.3265
2025-03-01,expansion,2,1,1,0,Mixed,0,0,0,0,103.5408,-0.31741447282914725,0.9970873578062811,0.13,-63.888888888888886,-168.42105263157893,4.28,-4.677060133630285,1.6627078384798155,4.33,-0.23041474654377225,-20.840950639853737,-4.999999999999982,0,3.19,19.25233644859814,1.2698412698412653,3.0091666666666668,4.2,2.4390243902439046,7.692307692307709,319.615,-0.05003518098661841,2.4055852640280317,1.9,-42.42424242424242,-44.11764705882353,57.0,-11.90108191653787,-28.21158690176323,1355.0,-9.060402684563762,3.2774390243902385,21.77,36.4462550924475,57.92528110264781,5675.12,-6.226898018331228,9.954498206374907,5769.157
2025-04-01,contraction,1,1,0,0,Mixed,1,0,0,1,103.6224,0.0788095127717714,1.236459131195966,-0.39,-400.0,0.0,4.29,0.2336448598130758,-6.739130434782603,4.32,-0.2309468822170868,-20.733944954128436,-3.000000000000025,0,4.02,26.01880877742946,25.038880248833586,3.07625,4.2,0.0,7.692307692307709,320.321,0.2208907591946696,2.3337465177498906,-0.6,-131.57894736842107,-175.0,52.2,-8.42105263157894,-32.38341968911917,1398.0,3.1734317343173446,0.9386281588447565,30.12,38.35553514010106,91.29882502381707,5396.52,-4.909147295563788,5.647050301826617,5765.4349999999995
2025-05-01,expansion,2,1,0,1,On,0,1,0,0,103.657,0.033390463837923434,0.6577024403838783,-0.19,-51.28205128205128,-218.75,4.43,3.263403263403264,-1.0055865921787643,4.36,0.92592592592593,-20.07332722273143,6.99999999999994,1,3.31,-17.661691542288548,6.430868167202575,3.092916666666667,4.2,0.0,5.000000000000004,320.58,0.08085639093282637,2.3759340869898393,-0.6,-131.57894736842107,-175.0,52.2,0.0,-24.45730824891461,1282.0,-8.29756795422032,-2.583586626139822,19.795,-34.27954847277556,53.21207430340558,5844.61,8.3033139875327,11.181580481717535,5794.8795
2025-06-01,contraction,1,1,0,0,On,0,1,0,0,104.2115,0.5349373414241132,0.9279113327018695,-0.13,-31.57894736842105,0.0,4.385,-1.0158013544018019,2.2144522144522005,4.43,1.6055045871559592,-19.600725952813068,-4.499999999999993,0,3.12,-5.740181268882171,-2.500000000000002,3.0862499999999997,4.1,-2.3809523809523947,0.0,321.5,0.2869798490236386,2.6726833178446263,-0.6,-131.57894736842107,-175.0,60.7,16.283524904214563,-10.997067448680353,1382.0,7.800312012480504,4.144687264506408,17.69,-10.633998484465778,39.89719256623172,6014.0599999999995,2.899252473646663,10.679936839083215,5841.411999999999
2025-07-01,contraction,1,1,0,0,On,0,1,0,0,103.8194,-0.37625406025246777,1.2682502399550488,-0.28,115.38461538461542,-19.999999999999986,4.4,0.3420752565564511,3.529411764705892,4.41,-0.4514672686230181,-18.78453038674033,-0.9999999999999787,0,2.89,-7.371794871794868,-8.832807570977907,3.0629166666666667,4.2,2.4390243902439046,0.0,322.132,0.19657853810264303,2.7318012794754543,-0.6,0.0,-116.66666666666667,61.7,1.6474464579901094,-7.078313253012047,1429.0,3.40086830680173,12.964426877470348,16.5,-6.72696438665914,25.094768764215324,6288.625,4.565385114215692,13.305190025882109,5907.3189999999995
2025-08-01,contraction,1,1,0,0,On,0,1,0,0,103.9203,0.09718800147178186,0.8742996478340093,-0.12,-57.14285714285715,140.0,4.26,-3.1818181818181968,10.362694300518127,4.3,-2.4943310657596474,-19.096895578551266,-4.0000000000000036,0,2.9,0.34602076124565784,-11.85410334346505,3.030416666666667,4.3,2.3809523809523725,2.3809523809523725,323.364,0.3824519141221616,2.9392196249335534,-0.6,0.0,-116.66666666666667,58.2,-5.672609400324147,-14.28571428571429,1307.0,-8.537438768369487,-6.03882099209202,15.15,-8.18181818181818,-9.227082085080873,6439.32,2.3963107992605703,16.050234873353997,5970.265
2025-09-01,expansion,2,1,0,1,On,0,1,0,0,103.9203,0.0,1.291383434345006,-0.12,0.0,-42.85714285714286,4.12,-3.2863849765258135,10.45576407506703,4.04,-6.04651162790697,-18.466195761856707,8.000000000000007,1,2.79,-3.7931034482758585,-14.15384615384615,2.992083333333333,4.3,0.0,4.878048780487809,323.364,0.0,2.7038186316702184,-0.6,0.0,-116.66666666666667,58.2,0.0,-17.211948790896148,1307.0,0.0,-3.6845983787767156,15.71,3.6963696369636923,-7.967193907439951,6604.72,2.5685941993875305,17.322239502056558,6034.8115
2025-10-01,expansion,2,1,0,1,On,0,1,0,0,103.9203,0.0,1.6695397294690162,-0.12,0.0,-76.0,4.12,0.0,0.8567931456548328,4.04,0.0,-14.587737843551807,8.000000000000007,1,2.79,0.0,-4.778156996587035,2.9804166666666663,4.3,0.0,4.878048780487809,323.364,0.0,2.4717648400958137,-0.6,0.0,-116.66666666666667,58.2,0.0,-17.44680851063829,1307.0,0.0,-3.328402366863903,15.71,0.0,-20.253807106598977,6711.2,1.61218038009181,15.513971076755716,6101.2164999999995
